event_id,timestamp,camera_id,camera_name,alert_type,track_id,zone_id,line_id,details,risk_label,behavior_correct,video_evidence_path,annotator,notes
0ee3ec90-bc61-425c-a23c-74726a251cb7,2026-06-10T22:23:31.568813+07:00,bike_stole_185a6e,Bike stole,asset_missing,308,zone_6cb741e3,,bicycle disappeared from watched zone after Stranger was nearby,,,,,
747896cb-9d3e-452b-9bba-9cad9a4f2b80,2026-07-06T00:24:43.643246+07:00,bike_stole_dcd818,Bike stole,asset_missing,2,zone_bfc82719,,bicycle disappeared from watched zone after Stranger was nearby,,,,,
ceec4677-a73d-40b1-aa01-7723c219a78a,2026-07-07T13:16:16.060940+07:00,intrusion_testing_395d88,Intrusion Testing,asset_missing,4,global-asset-watch,,motorcycle disappeared from watched zone after Stranger was nearby,,,,,
5e844d8e-726f-4f52-98fd-20935bd812ba,2026-07-12T13:02:25.285448+07:00,motorcycle_016324,Motorcycle,asset_missing,6,zone_1a89cc4f,,motorcycle disappeared from watched zone after Stranger was nearby,,,,,
c949e477-5e42-48e7-8fec-179a5bc1a413,2026-07-27T10:37:03.947395+07:00,motorcycle_016324,Motorcycle,asset_missing,1,zone_1a89cc4f,,motorcycle disappeared from watched zone after Stranger was nearby,,,,,
6d1009f9-74a9-4bdf-917e-421c71572ede,2026-08-14T00:12:44.201063+07:00,motorcycle_73741f,Camera 1,asset_missing,24,zone_050b5111,,truck disappeared from watched zone after Stranger was nearby,,,,,
d26f7eda-cec9-433e-95a1-c104557c6360,2026-08-14T00:51:27.983003+07:00,motorcycle_73741f,Camera 1,asset_missing,20,zone_050b5111,,truck disappeared from watched zone after Stranger was nearby,,,,,
23c3a500-249b-4e3c-96bc-69ed1c2d765b,2026-08-14T06:57:16.591806+07:00,motorcycle_73741f,Camera 1,asset_missing,24,zone_050b5111,,car disappeared from watched zone after Stranger was nearby,,,,,
86e6a33f-bb51-4013-ac2b-9866e351b20e,2026-08-14T07:40:32.305167+07:00,motorcycle_73741f,Camera 1,asset_missing,17,zone_050b5111,,truck disappeared from watched zone after Stranger was nearby,,,,,
a427e8cb-a575-4a82-9827-253a0e393124,2026-08-14T08:24:27.045134+07:00,motorcycle_73741f,Camera 1,asset_missing,15,zone_050b5111,,bus disappeared from watched zone after Stranger was nearby,,,,,
03919a96-09da-4139-a971-da02639f6105,2026-08-14T09:05:15.034682+07:00,motorcycle_73741f,Camera 1,asset_missing,26,zone_050b5111,,truck disappeared from watched zone after Stranger was nearby,,,,,
851ccce0-4263-4206-8aa5-4fe3d8005dba,2026-08-14T09:43:50.664005+07:00,motorcycle_73741f,Camera 1,asset_missing,25,zone_050b5111,,car disappeared from watched zone after Stranger was nearby,,,,,
96d0c961-a839-4c71-9804-e7047363432c,2026-08-14T10:23:20.427100+07:00,motorcycle_73741f,Camera 1,asset_missing,41,zone_050b5111,,truck disappeared from watched zone after Stranger was nearby,,,,,
16721938-c4a4-467a-8abe-48ec7d67454e,2026-08-14T14:26:17.844660+07:00,motorcycle_73741f,Camera 1,asset_missing,6,zone_050b5111,,bus disappeared from watched zone after Stranger was nearby,,,,,
39c761ae-3d7d-4045-bbac-58e6baf6ad50,2026-08-15T01:12:51.370784+07:00,motorcycle_73741f,Camera 1,asset_missing,9,zone_050b5111,,motorcycle disappeared from watched zone after Stranger was nearby,,,,,
f7d2fa20-197d-4678-a716-1e3399109003,2026-08-15T01:48:44.905946+07:00,motorcycle_73741f,Camera 1,asset_missing,9,zone_050b5111,,motorcycle disappeared from watched zone after Stranger was nearby,,,,,
919aedc5-fcda-4816-819d-42a88f5f1c32,2026-08-15T02:23:37.541649+07:00,motorcycle_73741f,Camera 1,asset_missing,20,zone_050b5111,,truck disappeared from watched zone after Stranger was nearby,,,,,
48d10df2-4af2-4053-8d93-1d5cad215ef7,2026-08-15T02:58:56.523838+07:00,motorcycle_73741f,Camera 1,asset_missing,6,zone_050b5111,,bus disappeared from watched zone after Stranger was nearby,,,,,
0cb60a65-26e9-48ff-b0bd-41833e1936ff,2026-08-15T03:33:32.790726+07:00,motorcycle_73741f,Camera 1,asset_missing,9,zone_050b5111,,motorcycle disappeared from watched zone after Stranger was nearby,,,,,
dd7c59d6-bf97-4a6d-b839-e9f0a7e927a1,2026-08-15T04:08:00.201548+07:00,motorcycle_73741f,Camera 1,asset_missing,9,zone_050b5111,,motorcycle disappeared from watched zone after Stranger was nearby,,,,,
1505c9b5-3d53-4ad8-8a9f-a5259b5d3dcf,2026-08-15T04:42:18.495042+07:00,motorcycle_73741f,Camera 1,asset_missing,6,zone_050b5111,,bus disappeared from watched zone after Stranger was nearby,,,,,
0ae63612-3e6c-4b8b-98b4-1d9bfac6ddf4,2026-08-15T05:17:54.780034+07:00,motorcycle_73741f,Camera 1,asset_missing,41,zone_050b5111,,car disappeared from watched zone after Stranger was nearby,,,,,
a18b1eed-0a83-4d2d-8f30-776e0db7baa7,2026-08-15T05:54:14.611253+07:00,motorcycle_73741f,Camera 1,asset_missing,9,zone_050b5111,,motorcycle disappeared from watched zone after Stranger was nearby,,,,,
4df21211-af60-495a-9087-20914d709cfd,2026-08-15T06:29:57.167270+07:00,motorcycle_73741f,Camera 1,asset_missing,9,zone_050b5111,,motorcycle disappeared from watched zone after Stranger was nearby,,,,,
160100d3-c187-453b-b5c4-2c1e94bd9e93,2026-08-15T07:03:24.450919+07:00,motorcycle_73741f,Camera 1,asset_missing,23,zone_050b5111,,car disappeared from watched zone after Stranger was nearby,,,,,
d174d640-88ef-4cfd-9b8a-26122bf74aa3,2026-08-15T07:40:35.293057+07:00,motorcycle_016324,Motorcycle,asset_missing,1,zone_1a89cc4f,,motorcycle disappeared from watched zone after Stranger was nearby,,,,,
e1294627-33c4-477c-a2f7-abbfee206ccd,2026-08-15T08:15:44.477664+07:00,motorcycle_73741f,Camera 1,asset_missing,18,zone_050b5111,,car disappeared from watched zone after Stranger was nearby,,,,,
2e9a13c1-d7c6-42b7-8a2b-b5c410e1307b,2026-08-15T08:58:00.375470+07:00,motorcycle_73741f,Camera 1,asset_missing,13,zone_050b5111,,motorcycle disappeared from watched zone after Stranger was nearby,,,,,
6ec50be7-2dd1-4fdc-9f91-15c60386ecc2,2026-08-15T09:38:02.206904+07:00,motorcycle_73741f,Camera 1,asset_missing,9,zone_050b5111,,motorcycle disappeared from watched zone after Stranger was nearby,,,,,
58e4bf61-da22-432c-8e53-41aaec5722c3,2026-08-15T10:14:22.121343+07:00,motorcycle_73741f,Camera 1,asset_missing,18,zone_050b5111,,car disappeared from watched zone after Stranger was nearby,,,,,
65c04677-64b6-4b7e-b2a7-a9e531081629,2026-08-13T23:58:34.295204+07:00,motorcycle_73741f,Camera 1,asset_removed,10,zone_050b5111,,motorcycle moved out of watched zone after Stranger was nearby,,,,,
6ce19d03-0884-45cc-9bf4-d131f12e3e96,2026-07-16T19:34:56.336997+07:00,imou_camera,IMOU Camera,fall_recovery,7,,,Người được cảnh báo đã chuyển sang tư thế sitting ổn định.,,,,,
6003d63c-0099-46bd-a8dd-46e69b0a22a3,2026-08-14T00:19:49.569866+07:00,fainting_8b3cad,Fainting ,fall_recovery,1,,,Người được cảnh báo đã chuyển sang tư thế sitting ổn định.,,,,,
e33a7800-fadf-42dc-9269-4c3f1aae8421,2026-08-14T06:54:36.304993+07:00,fainting_8b3cad,Fainting ,fall_recovery,1,,,Người được cảnh báo đã chuyển sang tư thế sitting ổn định.,,,,,
2a79a759-61c5-44ef-8a2c-cd52c34f2d72,2026-08-14T07:50:43.934810+07:00,fainting_8b3cad,Fainting ,fall_recovery,1,,,Người được cảnh báo đã chuyển sang tư thế sitting ổn định.,,,,,
07d0a16d-01ed-4623-bf3e-35f614f0d213,2026-08-14T10:36:05.464144+07:00,fainting_8b3cad,Fainting ,fall_recovery,1,,,Người được cảnh báo đã chuyển sang tư thế sitting ổn định.,,,,,
ae9d3c72-d7a0-44e4-b079-0011f7d12715,2026-08-14T12:40:40.334050+07:00,fainting_8b3cad,Fainting ,fall_recovery,1,,,Người được cảnh báo đã chuyển sang tư thế sitting ổn định.,,,,,
6a7c7f42-30b2-4861-b64d-50e112e71fca,2026-08-14T12:51:25.645842+07:00,fainting_8b3cad,Fainting ,fall_recovery,1,,,Người được cảnh báo đã chuyển sang tư thế sitting ổn định.,,,,,
08aabb53-2c86-45b7-9c4d-a292b2a1bd8e,2026-08-14T14:26:42.455010+07:00,fainting_8b3cad,Fainting ,fall_recovery,1,,,Người được cảnh báo đã chuyển sang tư thế sitting ổn định.,,,,,
e77b6777-139c-4254-b3ce-a02029cefa3a,2026-08-15T01:16:18.812269+07:00,fainting_8b3cad,Fainting ,fall_recovery,1,,,Người được cảnh báo đã chuyển sang tư thế sitting ổn định.,,,,,
76dc5512-29d9-4c16-b1d1-25cf2b0c4309,2026-08-15T01:34:30.996313+07:00,fainting_8b3cad,Fainting ,fall_recovery,1,,,Người được cảnh báo đã chuyển sang tư thế sitting ổn định.,,,,,
859122aa-780d-4aef-a574-ead306474484,2026-08-15T02:00:18.309167+07:00,fainting_8b3cad,Fainting ,fall_recovery,1,,,Người được cảnh báo đã chuyển sang tư thế sitting ổn định.,,,,,
dd4d103d-4b15-4e24-ab0a-67f85e04b31e,2026-08-15T02:29:07.835971+07:00,fainting_8b3cad,Fainting ,fall_recovery,1,,,Người được cảnh báo đã chuyển sang tư thế sitting ổn định.,,,,,
8e16953b-7ed1-4219-8b75-3d7b120704b2,2026-08-15T02:41:15.910637+07:00,fainting_8b3cad,Fainting ,fall_recovery,1,,,Người được cảnh báo đã chuyển sang tư thế sitting ổn định.,,,,,
41062605-98d4-4599-898e-7ee6904c16fd,2026-08-15T03:00:56.869185+07:00,fainting_8b3cad,Fainting ,fall_recovery,1,,,Người được cảnh báo đã chuyển sang tư thế sitting ổn định.,,,,,
b4b20b6c-494f-496f-8b3a-90686e2571d9,2026-08-15T03:19:11.436467+07:00,fainting_8b3cad,Fainting ,fall_recovery,1,,,Người được cảnh báo đã chuyển sang tư thế sitting ổn định.,,,,,
41013c3f-2dfc-4c2f-aef0-c2231e3ce692,2026-08-15T03:51:02.797524+07:00,fainting_8b3cad,Fainting ,fall_recovery,1,,,Người được cảnh báo đã chuyển sang tư thế sitting ổn định.,,,,,
7bac74b7-9583-4296-87dc-02304f769381,2026-08-15T04:16:47.848494+07:00,fainting_8b3cad,Fainting ,fall_recovery,1,,,Người được cảnh báo đã chuyển sang tư thế sitting ổn định.,,,,,
2e27ee5c-689d-40ed-90eb-92a44956b2b6,2026-08-15T04:44:08.599734+07:00,fainting_8b3cad,Fainting ,fall_recovery,1,,,Người được cảnh báo đã chuyển sang tư thế sitting ổn định.,,,,,
e4b5fb06-9401-41f1-9b64-17e4d499091c,2026-08-15T05:11:27.026871+07:00,fainting_8b3cad,Fainting ,fall_recovery,1,,,Người được cảnh báo đã chuyển sang tư thế sitting ổn định.,,,,,
c1f82fa8-7c5d-407b-856f-d89e5449811f,2026-08-15T05:43:18.369353+07:00,fainting_8b3cad,Fainting ,fall_recovery,2,,,Người được cảnh báo đã chuyển sang tư thế sitting ổn định.,,,,,
a501d836-5838-436b-a9a3-b827f8df3f84,2026-08-15T06:07:34.665287+07:00,fainting_8b3cad,Fainting ,fall_recovery,1,,,Người được cảnh báo đã chuyển sang tư thế sitting ổn định.,,,,,
ff5a0746-2170-4814-a790-915c65fff6b0,2026-08-15T06:22:45.009872+07:00,fainting_8b3cad,Fainting ,fall_recovery,1,,,Người được cảnh báo đã chuyển sang tư thế sitting ổn định.,,,,,
d9596633-0dcc-4b00-805d-81377301387a,2026-08-15T06:39:26.277180+07:00,fainting_8b3cad,Fainting ,fall_recovery,1,,,Người được cảnh báo đã chuyển sang tư thế sitting ổn định.,,,,,
c3bdac49-f2a4-45ef-b1e6-641fb60a9c33,2026-08-15T07:21:54.979355+07:00,fainting_8b3cad,Fainting ,fall_recovery,1,,,Người được cảnh báo đã chuyển sang tư thế sitting ổn định.,,,,,
cb0b1342-d05e-456d-a27a-2f943b2bdd7d,2026-08-15T07:52:13.282458+07:00,fainting_8b3cad,Fainting ,fall_recovery,1,,,Người được cảnh báo đã chuyển sang tư thế sitting ổn định.,,,,,
bcc20072-c5b1-4e6b-8c88-0df75120b84d,2026-08-15T08:07:25.959226+07:00,fainting_8b3cad,Fainting ,fall_recovery,1,,,Người được cảnh báo đã chuyển sang tư thế sitting ổn định.,,,,,
22f2c9e3-627a-480e-bf58-b8cb06e75761,2026-08-15T08:21:05.244512+07:00,fainting_8b3cad,Fainting ,fall_recovery,1,,,Người được cảnh báo đã chuyển sang tư thế sitting ổn định.,,,,,
30063f24-58c2-4d22-b665-f6cbec7f489a,2026-08-15T08:54:27.848937+07:00,fainting_8b3cad,Fainting ,fall_recovery,1,,,Người được cảnh báo đã chuyển sang tư thế sitting ổn định.,,,,,
256b6dac-bbb9-41c9-9c12-e1ab5e2015a6,2026-08-15T09:14:11.328521+07:00,fainting_8b3cad,Fainting ,fall_recovery,1,,,Người được cảnh báo đã chuyển sang tư thế sitting ổn định.,,,,,
31f5a672-2309-4067-a235-9daef2d0318c,2026-08-15T10:13:21.266406+07:00,fainting_8b3cad,Fainting ,fall_recovery,1,,,Người được cảnh báo đã chuyển sang tư thế sitting ổn định.,,,,,
ba52e598-ed68-4a1c-82e8-947545162608,2026-06-10T22:11:28.580663+07:00,stealing_e23424,Stealing,intrusion,1,zone_1c4b2867,,Object entered restricted zone,,,,,
7007bcee-a897-4e1d-a189-e485b96e8852,2026-06-16T13:53:45.927617+07:00,bike_stole_dcd818,Bike stole,intrusion,114,__global_intrusion__,,Person entered restricted zone,,,,,
e962f678-7a78-4ad3-a753-d062295613cc,2026-07-02T20:55:49.131410+07:00,imou_camera,IMOU Camera,intrusion,5,__global_intrusion__,,Person entered restricted zone,,,,,
21427214-1d32-47ec-826c-2d6e9b2fc3f0,2026-07-03T19:45:34.550657+07:00,bike_stole_dcd818,Bike stole,intrusion,2,__global_intrusion__,,Person entered restricted zone,,,,,
843624e0-0e18-43ed-8b9b-b317c1fd8a15,2026-07-04T18:43:33.287105+07:00,bike_stole_dcd818,Bike stole,intrusion,2,__global_intrusion__,,Person entered restricted zone,,,,,
bc47019c-be84-4c15-a3d7-150b780b6952,2026-07-06T14:05:39.935690+07:00,bike_stole_dcd818,Bike stole,intrusion,2,__global_intrusion__,,Person entered restricted zone,,,,,
4df14aac-e97b-4675-910a-67bdaf7a8041,2026-07-06T17:09:51.608209+07:00,suspect_f99ee2,Suspect,intrusion,6,__global_intrusion__,,Person entered restricted zone,,,,,
d508dbe0-9e8c-45d2-8930-c06239bad4fd,2026-07-06T23:49:16.823992+07:00,bike_stole_dcd818,Bike stole,intrusion,4,__global_intrusion__,,Person entered restricted zone,,,,,
26ca2df6-4299-4ca8-b8ea-8d58daeecebc,2026-07-07T12:11:20.581050+07:00,suspect_f99ee2,Suspect,intrusion,1,__global_intrusion__,,Person entered restricted zone,,,,,
44394915-92b3-4402-b131-27c92c15c14b,2026-07-07T14:49:11.680865+07:00,intrusion_testing_395d88,Intrusion Testing,intrusion,6,,line_d251d1cb,"Person crossed line IN | Total count: IN=1, OUT=4",,,,,
c7facce2-b7d8-42c0-b538-de9756670464,2026-08-13T22:41:13.646467+07:00,intrusion_testing_395d88,Intrusion Testing,intrusion,8,,line_d251d1cb,"Person crossed line IN | Total count: IN=1, OUT=1",,,,,
e6179ede-2f34-4645-a74e-e31dca57a95f,2026-08-14T00:40:30.737359+07:00,intrusion_testing_395d88,Intrusion Testing,intrusion,10,,line_d251d1cb,"Person crossed line IN | Total count: IN=71, OUT=107",,,,,
3088490f-8f35-4556-a55b-d63e7234795c,2026-08-14T06:48:01.726769+07:00,intrusion_testing_395d88,Intrusion Testing,intrusion,8,,line_d251d1cb,"Person crossed line IN | Total count: IN=9, OUT=6",,,,,
f63b8fa7-77db-45e6-b65f-48130da44064,2026-08-14T07:43:06.366296+07:00,intrusion_testing_395d88,Intrusion Testing,intrusion,9,,line_d251d1cb,"Person crossed line IN | Total count: IN=130, OUT=199",,,,,
9b6653dc-c412-4cd9-92c3-55ae92042ce3,2026-08-14T08:28:56.199166+07:00,intrusion_testing_395d88,Intrusion Testing,intrusion,9,,line_d251d1cb,"Person crossed line IN | Total count: IN=251, OUT=349",,,,,
7176f77a-b612-4fa3-820e-7c81a9100466,2026-08-14T09:17:26.050411+07:00,intrusion_testing_395d88,Intrusion Testing,intrusion,9,,line_d251d1cb,"Person crossed line IN | Total count: IN=373, OUT=518",,,,,
da2d9f1b-fd69-407b-b548-b6d87d1279b3,2026-08-14T10:03:21.291070+07:00,intrusion_testing_395d88,Intrusion Testing,intrusion,2,,line_d251d1cb,"Person crossed line IN | Total count: IN=494, OUT=674",,,,,
dc73bc2c-65c9-4b3b-98ff-d54ce9a9310c,2026-08-14T12:57:03.045968+07:00,intrusion_testing_395d88,Intrusion Testing,intrusion,10,,line_d251d1cb,"Person crossed line IN | Total count: IN=5, OUT=4",,,,,
babf13b2-67f7-4cb9-96c0-4200de802ec7,2026-08-15T00:54:01.341002+07:00,intrusion_testing_395d88,Intrusion Testing,intrusion,8,,line_d251d1cb,"Person crossed line IN | Total count: IN=51, OUT=65",,,,,
ef94f8d5-4e10-4f0e-b3ad-9064ceb591c1,2026-08-15T01:40:19.964353+07:00,intrusion_testing_395d88,Intrusion Testing,intrusion,8,,line_d251d1cb,"Person crossed line IN | Total count: IN=172, OUT=225",,,,,
9d999b71-c695-478d-85df-5d1d66a4c897,2026-08-15T02:30:47.121814+07:00,intrusion_testing_395d88,Intrusion Testing,intrusion,8,,line_d251d1cb,"Person crossed line IN | Total count: IN=293, OUT=405",,,,,
53ee51f2-5f4a-4406-88be-f464d9d61ba2,2026-08-15T03:16:36.781708+07:00,intrusion_testing_395d88,Intrusion Testing,intrusion,8,,line_d251d1cb,"Person crossed line IN | Total count: IN=414, OUT=573",,,,,
3ed0a4f7-bdd7-4b5a-ad82-1d125739ea2d,2026-08-15T04:03:24.840697+07:00,intrusion_testing_395d88,Intrusion Testing,intrusion,8,,line_d251d1cb,"Person crossed line IN | Total count: IN=535, OUT=735",,,,,
28e7269d-2d19-4bdd-abcc-2ccb9397e074,2026-08-15T04:55:22.616281+07:00,intrusion_testing_395d88,Intrusion Testing,intrusion,11,,line_d251d1cb,"Person crossed line IN | Total count: IN=656, OUT=913",,,,,
a27e51ee-05c4-4090-a477-614c64983492,2026-08-15T05:44:34.628586+07:00,intrusion_testing_395d88,Intrusion Testing,intrusion,9,,line_d251d1cb,"Person crossed line IN | Total count: IN=777, OUT=1095",,,,,
7e2d4947-f4e8-4b3a-a5a9-8d9296033042,2026-08-15T06:35:30.606577+07:00,intrusion_testing_395d88,Intrusion Testing,intrusion,9,,line_d251d1cb,"Person crossed line IN | Total count: IN=898, OUT=1281",,,,,
dda65fbe-8b99-4ce5-bdcf-4fe0989a14a4,2026-08-15T07:40:38.262321+07:00,intrusion_testing_395d88,Intrusion Testing,intrusion,11,,line_d251d1cb,"Person crossed line IN | Total count: IN=1019, OUT=1506",,,,,
9c13a60a-ecdf-46ba-9372-21f31f2c075c,2026-08-15T08:35:28.932244+07:00,intrusion_testing_395d88,Intrusion Testing,intrusion,11,,line_d251d1cb,"Person crossed line IN | Total count: IN=1140, OUT=1703",,,,,
b9aefb9c-86d8-40d4-8df5-237c9ea6fd34,2026-08-15T09:21:44.546674+07:00,intrusion_testing_395d88,Intrusion Testing,intrusion,2,,line_d251d1cb,"Person crossed line IN | Total count: IN=1261, OUT=1853",,,,,
2dff0d0b-ee52-4ed7-813e-a1ca5d5dba24,2026-08-15T10:12:11.749602+07:00,intrusion_testing_395d88,Intrusion Testing,intrusion,9,,line_d251d1cb,"Person crossed line IN | Total count: IN=1382, OUT=2022",,,,,
1810a1e1-7bb0-4cb3-a98b-037f1c67d5d6,2026-07-06T21:58:06.148412+07:00,intrusion_testing_395d88,Intrusion Testing,line_crossing,1,,line_d251d1cb,"Direction: OUT | Total count: IN=0, OUT=1",,,,,
b962a56e-849f-4245-9ce3-55ff1523f27c,2026-07-06T22:03:51.174121+07:00,intrusion_testing_395d88,Intrusion Testing,line_crossing,5,,line_d251d1cb,"Direction: IN | Total count: IN=7, OUT=9",,,,,
dc3fb68f-50ec-45b2-af99-de5814b94a45,2026-07-06T22:05:02.331054+07:00,intrusion_testing_395d88,Intrusion Testing,line_crossing,5,,line_d251d1cb,"Direction: OUT | Total count: IN=13, OUT=21",,,,,
ab027ed9-12f4-4285-8a6a-b5ddfac2530b,2026-07-06T22:05:59.468363+07:00,intrusion_testing_395d88,Intrusion Testing,line_crossing,5,,line_d251d1cb,"Direction: OUT | Total count: IN=18, OUT=33",,,,,
59316acb-f615-4212-b9de-acd75a25dd84,2026-07-06T22:06:57.482647+07:00,intrusion_testing_395d88,Intrusion Testing,line_crossing,5,,line_d251d1cb,"Direction: OUT | Total count: IN=26, OUT=43",,,,,
cbe5155b-03d9-4c81-b079-fffc49bd5f7c,2026-07-06T22:07:41.379449+07:00,intrusion_testing_395d88,Intrusion Testing,line_crossing,6,,line_d251d1cb,"Direction: IN | Total count: IN=31, OUT=55",,,,,
19a5464f-8867-48c7-aaaf-be57c7df5428,2026-07-06T22:08:40.690709+07:00,intrusion_testing_395d88,Intrusion Testing,line_crossing,2,,line_d251d1cb,"Direction: OUT | Total count: IN=37, OUT=66",,,,,
5e472f71-1ce7-4668-a6ab-0d75b61667e7,2026-07-06T22:09:39.720461+07:00,intrusion_testing_395d88,Intrusion Testing,line_crossing,5,,line_d251d1cb,"Direction: OUT | Total count: IN=41, OUT=80",,,,,
481b88a5-935e-4e99-b9c1-527acfbbc488,2026-07-06T22:10:26.154482+07:00,intrusion_testing_395d88,Intrusion Testing,line_crossing,5,,line_d251d1cb,"Direction: IN | Total count: IN=48, OUT=90",,,,,
948ac833-3d93-4439-8b2f-ed82f142b649,2026-07-06T23:12:36.692932+07:00,intrusion_testing_395d88,Intrusion Testing,line_crossing,2,,line_d251d1cb,"Direction: IN | Total count: IN=2, OUT=1",,,,,
16ede154-69a9-42d4-9e3e-e25806611d2a,2026-07-06T23:14:35.364886+07:00,intrusion_testing_395d88,Intrusion Testing,line_crossing,4,,line_d251d1cb,"Direction: OUT | Total count: IN=11, OUT=9",,,,,
0395fc0e-8476-401f-be90-e19e98ad97dc,2026-07-06T23:49:43.001788+07:00,intrusion_testing_395d88,Intrusion Testing,line_crossing,7,,line_d251d1cb,"Direction: OUT | Total count: IN=7, OUT=8",,,,,
2f994bf6-1915-4350-a966-05cf546e9137,2026-07-07T11:07:59.586935+07:00,intrusion_testing_395d88,Intrusion Testing,line_crossing,6,,line_d251d1cb,"Direction: OUT | Total count: IN=3, OUT=3",,,,,
1ed9d69e-ea9f-44a9-9914-29ffcf5958e2,2026-07-07T11:09:32.471718+07:00,intrusion_testing_395d88,Intrusion Testing,line_crossing,5,,line_d251d1cb,"Direction: OUT | Total count: IN=9, OUT=14",,,,,
9e43271e-0beb-4779-8d76-d9882c5e114e,2026-07-07T11:15:04.257387+07:00,intrusion_testing_395d88,Intrusion Testing,line_crossing,5,,line_d251d1cb,"Direction: OUT | Total count: IN=5, OUT=8",,,,,
217c5620-f520-4ac5-a599-28928d3ccf10,2026-07-07T11:22:22.294711+07:00,intrusion_testing_395d88,Intrusion Testing,line_crossing,1,,line_d251d1cb,"Direction: IN | Total count: IN=4, OUT=7",,,,,
635e8c36-3986-408a-af6f-9655a78aeb92,2026-07-07T11:24:15.775983+07:00,intrusion_testing_395d88,Intrusion Testing,line_crossing,5,,line_d251d1cb,"Direction: OUT | Total count: IN=9, OUT=20",,,,,
001a07a6-b8ce-4591-a689-b17ad5cd0b19,2026-07-07T11:25:16.172307+07:00,intrusion_testing_395d88,Intrusion Testing,line_crossing,6,,line_d251d1cb,"Direction: IN | Total count: IN=16, OUT=30",,,,,
1bc50b95-c839-44f8-8082-97ebe5a6a90b,2026-07-07T11:26:30.848661+07:00,intrusion_testing_395d88,Intrusion Testing,line_crossing,3,,line_d251d1cb,"Direction: OUT | Total count: IN=19, OUT=44",,,,,
2cc76947-3821-4362-bab7-d9856bebb7bc,2026-07-07T11:28:22.011273+07:00,intrusion_testing_395d88,Intrusion Testing,line_crossing,6,,line_d251d1cb,"Direction: OUT | Total count: IN=27, OUT=54",,,,,
d54ea68f-d8f2-47ae-b892-1d7731fdb97b,2026-07-07T11:58:57.563697+07:00,intrusion_testing_395d88,Intrusion Testing,line_crossing,2,,line_d251d1cb,"Direction: OUT | Total count: IN=6, OUT=10",,,,,
9bdbd1a9-6a42-49bb-ab8e-626bf9a47f32,2026-07-07T12:06:15.264794+07:00,intrusion_testing_395d88,Intrusion Testing,line_crossing,2,,line_d251d1cb,"Direction: OUT | Total count: IN=2, OUT=2",,,,,
97764506-fe59-497a-a9e2-dac3527acd40,2026-07-07T12:21:13.626825+07:00,intrusion_testing_395d88,Intrusion Testing,line_crossing,5,,line_d251d1cb,"Direction: OUT | Total count: IN=1, OUT=1",,,,,
4ee89817-f4ff-41cf-a93b-514db1680f69,2026-07-07T12:23:07.764885+07:00,intrusion_testing_395d88,Intrusion Testing,line_crossing,8,,line_d251d1cb,"Direction: OUT | Total count: IN=8, OUT=12",,,,,
ecd74033-2883-46d3-b628-59cb8d03c925,2026-07-07T12:24:48.109743+07:00,intrusion_testing_395d88,Intrusion Testing,line_crossing,6,,line_d251d1cb,"Direction: OUT | Total count: IN=12, OUT=25",,,,,
be139758-3e61-4433-b333-cb8fd3b6eeeb,2026-07-07T12:27:15.793579+07:00,intrusion_testing_395d88,Intrusion Testing,line_crossing,4,,line_d251d1cb,"Direction: IN | Total count: IN=16, OUT=38",,,,,
fda2b64d-a365-457a-b9b7-9e3c6a66581b,2026-07-07T12:29:13.549805+07:00,intrusion_testing_395d88,Intrusion Testing,line_crossing,7,,line_d251d1cb,"Direction: IN | Total count: IN=24, OUT=48",,,,,
20228b03-62a3-4ea4-ac83-34b006fb2040,2026-07-07T12:31:25.865124+07:00,intrusion_testing_395d88,Intrusion Testing,line_crossing,5,,line_d251d1cb,"Direction: IN | Total count: IN=35, OUT=54",,,,,
9d47c72c-f74c-42ac-b219-6811f5295a71,2026-07-07T13:08:35.120420+07:00,intrusion_testing_395d88,Intrusion Testing,line_crossing,2,,line_d251d1cb,"Direction: OUT | Total count: IN=1, OUT=2",,,,,
6b4df565-6846-4a22-b19f-bcf4e52b45a2,2026-07-07T13:16:45.550406+07:00,intrusion_testing_395d88,Intrusion Testing,line_crossing,8,,line_d251d1cb,"Direction: OUT | Total count: IN=6, OUT=5",,,,,
cd4ad803-3955-4310-9a3e-a6f0be80ad6d,2026-06-12T00:30:07.549759+07:00,imou_camera,IMOU Camera,loitering,46,,,Person remained visible for 30 seconds (threshold: 30s),,,,,
1f3f3d54-7eb1-4419-989b-80c7350ff549,2026-06-12T23:56:39.368861+07:00,imou_camera,IMOU Camera,loitering,4,,,Person remained visible for 31 seconds (threshold: 30s),,,,,
22b3c024-6a21-464d-8850-7284074b5b84,2026-06-12T23:59:59.167969+07:00,imou_camera,IMOU Camera,loitering,19,,,Person remained visible for 32 seconds (threshold: 30s),,,,,
0315e039-829b-4862-b041-600301637121,2026-06-13T12:23:34.346959+07:00,imou_camera,IMOU Camera,loitering,13,,,Person remained visible for 31 seconds (threshold: 30s),,,,,
f23c79b4-7e12-45ba-8c57-8d8e2c8edc8c,2026-06-13T12:32:03.363083+07:00,imou_camera,IMOU Camera,loitering,1,,,Person remained visible for 31 seconds (threshold: 30s),,,,,
a1ee7a9b-b95b-4fa2-a162-9cdf72639edd,2026-06-13T12:35:01.123831+07:00,imou_camera,IMOU Camera,loitering,42,,,Person remained visible for 30 seconds (threshold: 30s),,,,,
98173d04-c263-4916-9629-2816928982e2,2026-07-03T23:00:55.974852+07:00,bike_stole_dcd818,Bike stole,loitering,7,zone_7f6c2d30,,Person remained in New Zone for 15 seconds (threshold: 15s),,,,,
15e3bccf-d39f-45ff-85da-184a95dcb830,2026-07-03T23:04:28.432829+07:00,bike_stole_dcd818,Bike stole,loitering,8,zone_7f6c2d30,,Person remained in New Zone for 15 seconds (threshold: 15s),,,,,
53b699ee-0b7c-4fa2-81ab-c6f464cfa13a,2026-07-04T19:03:02.857828+07:00,bike_stole_dcd818,Bike stole,loitering,2,zone_7f6c2d30,,Person remained in New Zone for 16 seconds (threshold: 15s),,,,,
d110f20d-01b1-4379-bb97-c2a4a161bfc5,2026-07-04T19:29:08.385455+07:00,bike_stole_dcd818,Bike stole,loitering,2,zone_7f6c2d30,,Person remained in New Zone for 16 seconds (threshold: 15s),,,,,
f6b72746-c3a9-4883-b118-f1e27aa9e689,2026-07-04T19:36:58.015523+07:00,bike_stole_dcd818,Bike stole,loitering,2,zone_7f6c2d30,,Person remained in New Zone for 16 seconds (threshold: 15s),,,,,
99605cd1-22c3-46c8-a0ce-73b63433bd5b,2026-07-04T19:42:19.881925+07:00,bike_stole_dcd818,Bike stole,loitering,2,zone_7f6c2d30,,Person remained in New Zone for 15 seconds (threshold: 15s),,,,,
6e73d78d-55ac-4d7a-8f7a-d40f2c5fa1ba,2026-07-04T19:53:00.832552+07:00,bike_stole_dcd818,Bike stole,loitering,2,zone_7f6c2d30,,Person remained in New Zone for 17 seconds (threshold: 15s),,,,,
bc3e1ccd-e259-4c43-9ee3-2180c1df6e0a,2026-07-04T19:55:55.739961+07:00,bike_stole_dcd818,Bike stole,loitering,2,zone_7f6c2d30,,Person remained in New Zone for 15 seconds (threshold: 15s),,,,,
aa1ccd53-0939-460c-a165-4416e14dae1d,2026-07-04T19:59:54.217632+07:00,bike_stole_dcd818,Bike stole,loitering,2,zone_7f6c2d30,,Person remained in New Zone for 17 seconds (threshold: 15s),,,,,
0d1006d2-6e1c-4005-b500-fa6b1bd00e65,2026-07-04T20:05:19.121305+07:00,bike_stole_dcd818,Bike stole,loitering,2,zone_7f6c2d30,,Person remained in New Zone for 15 seconds (threshold: 15s),,,,,
f86a30d2-8de6-47de-a51c-8e542bd00ddf,2026-07-04T20:08:15.100856+07:00,bike_stole_dcd818,Bike stole,loitering,2,zone_7f6c2d30,,Person remained in New Zone for 15 seconds (threshold: 15s),,,,,
0d421e28-e5f5-4a81-85ea-415862afad3f,2026-07-04T20:11:12.590628+07:00,bike_stole_dcd818,Bike stole,loitering,2,zone_7f6c2d30,,Person remained in New Zone for 16 seconds (threshold: 15s),,,,,
324a826d-9a04-468b-b445-72b1b29d05a6,2026-07-04T20:20:30.420517+07:00,bike_stole_dcd818,Bike stole,loitering,2,zone_7f6c2d30,,Person remained in New Zone for 16 seconds (threshold: 15s),,,,,
dcb49d1d-b9a2-4f4b-8a3d-cd0b830be2ad,2026-07-05T23:57:03.360569+07:00,bike_stole_dcd818,Bike stole,loitering,2,zone_7f6c2d30,,Person remained in New Zone for 15 seconds (threshold: 15s),,,,,
c58ef186-8d62-46a2-83e3-b121c0608f66,2026-07-06T00:00:29.273989+07:00,bike_stole_dcd818,Bike stole,loitering,2,zone_7f6c2d30,,Person remained in New Zone for 15 seconds (threshold: 15s),,,,,
a30e0a4b-9286-41f4-a252-2b01bc074dcf,2026-07-06T00:11:12.862916+07:00,bike_stole_dcd818,Bike stole,loitering,2,zone_7f6c2d30,,Person remained in New Zone for 15 seconds (threshold: 15s),,,,,
32dc3f7d-49bf-4c7a-a10c-0430660015bf,2026-07-06T00:27:43.771033+07:00,bike_stole_dcd818,Bike stole,loitering,2,zone_7f6c2d30,,Person remained in New Zone for 15 seconds (threshold: 15s),,,,,
b25de1a8-1d84-4ecb-b879-e12817f715cb,2026-07-06T00:48:12.848943+07:00,bike_stole_dcd818,Bike stole,loitering,2,zone_7f6c2d30,,Person remained in New Zone for 16 seconds (threshold: 15s),,,,,
cebe3810-b03c-43d8-a93d-55ce8594a63d,2026-07-06T15:58:09.911360+07:00,bike_stole_dcd818,Bike stole,loitering,3,zone_7f6c2d30,,Person remained in New Zone for 15 seconds (threshold: 15s),,,,,
c998f011-2b9f-4b4b-9dd9-93e8de83b65f,2026-07-06T16:15:32.722081+07:00,bike_stole_dcd818,Bike stole,loitering,2,zone_7f6c2d30,,Person remained in New Zone for 15 seconds (threshold: 15s),,,,,
4dd688a2-355d-4406-abca-cbf501b104a8,2026-07-06T16:20:01.214614+07:00,bike_stole_dcd818,Bike stole,loitering,3,zone_7f6c2d30,,Person remained in New Zone for 15 seconds (threshold: 15s),,,,,
6d4d5bcf-571f-4e32-a3f8-22d9c3312af0,2026-07-06T21:26:17.995080+07:00,bike_stole_dcd818,Bike stole,loitering,4,zone_7f6c2d30,,Person remained in New Zone for 15 seconds (threshold: 15s),,,,,
7b788425-6c33-4fdf-9480-d633c0f26b88,2026-07-06T21:32:11.005282+07:00,bike_stole_dcd818,Bike stole,loitering,5,zone_7f6c2d30,,Person remained in New Zone for 16 seconds (threshold: 15s),,,,,
2659587d-69d9-476c-bb74-10b72a68c19c,2026-07-24T13:43:51.216629+07:00,imou_camera,IMOU Camera,loitering,5,zone_636917f2,,Person remained in New Zone for 15 seconds (threshold: 15s),,,,,
ab4b4f92-6dce-49fa-a2c4-ec384af2c17d,2026-07-06T16:37:51.932075+07:00,imou_camera,IMOU Camera,possible_fall,1,,,Possible fall: lying for 8s after 0.2s transition,,,,,
50552e51-56dc-47ba-b25a-735a930804ee,2026-08-13T23:57:03.230180+07:00,fainting_8b3cad,Fainting ,possible_fall,1,,,"Người này chuyển từ standing_still sang nằm, sau đó bị che khuất hoặc mất dấu và chưa quan sát thấy đứng dậy sau 10 giây.",,,,,
eb032a64-8b06-4d41-a1de-09af24746942,2026-08-14T01:03:41.607539+07:00,fainting_8b3cad,Fainting ,possible_fall,1,,,"Người này chuyển từ standing_still sang nằm, sau đó bị che khuất hoặc mất dấu và chưa quan sát thấy đứng dậy sau 10 giây.",,,,,
1ee28f26-f1a7-42d5-af97-a0b83b77bb77,2026-08-14T07:12:40.431211+07:00,fainting_8b3cad,Fainting ,possible_fall,1,,,"Người này chuyển từ standing_still sang nằm, sau đó bị che khuất hoặc mất dấu và chưa quan sát thấy đứng dậy sau 10 giây.",,,,,
6f25080f-52a8-428e-b059-d500ed12d9dc,2026-08-14T07:58:11.084239+07:00,fainting_8b3cad,Fainting ,possible_fall,1,,,"Người này chuyển từ standing_still sang nằm, sau đó bị che khuất hoặc mất dấu và chưa quan sát thấy đứng dậy sau 10 giây.",,,,,
5e07384f-eb48-4243-a6f4-1d2afe17c888,2026-08-14T08:45:12.759689+07:00,fainting_8b3cad,Fainting ,possible_fall,1,,,"Người này chuyển từ standing_still sang nằm, sau đó bị che khuất hoặc mất dấu và chưa quan sát thấy đứng dậy sau 10 giây.",,,,,
b8c96b24-10fc-45ea-a655-38f550f5cbf5,2026-08-14T09:29:12.270701+07:00,fainting_8b3cad,Fainting ,possible_fall,1,,,Người này chuyển từ standing_still sang nằm và chưa đứng dậy sau 10 giây.,,,,,
441b5ca4-7804-4e2f-9a42-170c4f3ed7a3,2026-08-14T10:23:49.195263+07:00,fainting_8b3cad,Fainting ,possible_fall,1,,,"Người này chuyển từ standing_still sang nằm, sau đó bị che khuất hoặc mất dấu và chưa quan sát thấy đứng dậy sau 10 giây.",,,,,
89a0d95f-37fc-4de8-b85c-ee5459188738,2026-08-14T12:37:30.234188+07:00,fainting_8b3cad,Fainting ,possible_fall,1,,,"Người này chuyển từ standing_still sang nằm, sau đó bị che khuất hoặc mất dấu và chưa quan sát thấy đứng dậy sau 10 giây.",,,,,
35a47c05-1bf1-45ea-babb-727ea48a94bc,2026-08-14T13:08:43.279531+07:00,fainting_8b3cad,Fainting ,possible_fall,1,,,"Người này chuyển từ standing_still sang nằm, sau đó bị che khuất hoặc mất dấu và chưa quan sát thấy đứng dậy sau 10 giây.",,,,,
39f7832f-1540-4ce3-b722-a551bae9cce8,2026-08-15T00:50:23.450804+07:00,fainting_8b3cad,Fainting ,possible_fall,1,,,"Người này chuyển từ standing_still sang nằm, sau đó bị che khuất hoặc mất dấu và chưa quan sát thấy đứng dậy sau 10 giây.",,,,,
a6f31ad1-090d-4045-8512-0953510b4fe6,2026-08-15T01:19:12.731676+07:00,fainting_8b3cad,Fainting ,possible_fall,1,,,"Người này chuyển từ standing_still sang nằm, sau đó bị che khuất hoặc mất dấu và chưa quan sát thấy đứng dậy sau 10 giây.",,,,,
c03e9cfe-159c-4a78-a7ed-a2b11318cdab,2026-08-15T01:49:33.115589+07:00,fainting_8b3cad,Fainting ,possible_fall,1,,,"Người này chuyển từ standing_still sang nằm, sau đó bị che khuất hoặc mất dấu và chưa quan sát thấy đứng dậy sau 10 giây.",,,,,
5eb82f64-3de5-47ec-84ab-62a10d9f1951,2026-08-15T02:18:22.526892+07:00,fainting_8b3cad,Fainting ,possible_fall,1,,,"Người này chuyển từ standing_still sang nằm, sau đó bị che khuất hoặc mất dấu và chưa quan sát thấy đứng dậy sau 10 giây.",,,,,
c7a5cdb2-def3-4d5f-9687-d06e569d8398,2026-08-15T02:48:42.767830+07:00,fainting_8b3cad,Fainting ,possible_fall,1,,,"Người này chuyển từ standing_still sang nằm, sau đó bị che khuất hoặc mất dấu và chưa quan sát thấy đứng dậy sau 10 giây.",,,,,
2e78123e-31e3-4356-b9ce-6a6e6fddeaa2,2026-08-15T03:17:32.369088+07:00,fainting_8b3cad,Fainting ,possible_fall,1,,,"Người này chuyển từ standing_still sang nằm, sau đó bị che khuất hoặc mất dấu và chưa quan sát thấy đứng dậy sau 10 giây.",,,,,
81b1b229-919c-4e6a-a96f-3f168d8f0d2f,2026-08-15T03:47:52.625956+07:00,fainting_8b3cad,Fainting ,possible_fall,1,,,"Người này chuyển từ standing_still sang nằm, sau đó bị che khuất hoặc mất dấu và chưa quan sát thấy đứng dậy sau 10 giây.",,,,,
afc0b16d-13bf-4d44-a913-ffa4a0c7016e,2026-08-15T04:16:41.968750+07:00,fainting_8b3cad,Fainting ,possible_fall,1,,,"Người này chuyển từ standing_still sang nằm, sau đó bị che khuất hoặc mất dấu và chưa quan sát thấy đứng dậy sau 10 giây.",,,,,
e86cca63-73b6-46f7-8a02-8f3aed6ca50a,2026-08-15T04:47:02.588461+07:00,fainting_8b3cad,Fainting ,possible_fall,1,,,"Người này chuyển từ standing_still sang nằm, sau đó bị che khuất hoặc mất dấu và chưa quan sát thấy đứng dậy sau 10 giây.",,,,,
6289cda5-b483-4226-a59e-98ab957f0cd5,2026-08-15T05:15:52.084207+07:00,fainting_8b3cad,Fainting ,possible_fall,1,,,"Người này chuyển từ standing_still sang nằm, sau đó bị che khuất hoặc mất dấu và chưa quan sát thấy đứng dậy sau 10 giây.",,,,,
7ada9390-0134-45ac-86eb-7fc06c2330f2,2026-08-15T05:46:12.297346+07:00,fainting_8b3cad,Fainting ,possible_fall,1,,,"Người này chuyển từ standing_still sang nằm, sau đó bị che khuất hoặc mất dấu và chưa quan sát thấy đứng dậy sau 10 giây.",,,,,
4eed9d44-f20b-4f7d-9ac3-b4875a1c2bc4,2026-08-15T06:16:32.577380+07:00,fainting_8b3cad,Fainting ,possible_fall,1,,,"Người này chuyển từ standing_still sang nằm, sau đó bị che khuất hoặc mất dấu và chưa quan sát thấy đứng dậy sau 10 giây.",,,,,
93feb41e-5bcb-405a-91b6-ef3ec2ffbd1f,2026-08-15T06:45:22.199022+07:00,fainting_8b3cad,Fainting ,possible_fall,1,,,"Người này chuyển từ standing_still sang nằm, sau đó bị che khuất hoặc mất dấu và chưa quan sát thấy đứng dậy sau 10 giây.",,,,,
8c1ed123-c037-4077-8f55-6f06fddd0b87,2026-08-15T07:15:42.649711+07:00,fainting_8b3cad,Fainting ,possible_fall,1,,,"Người này chuyển từ walking_slow sang nằm, sau đó bị che khuất hoặc mất dấu và chưa quan sát thấy đứng dậy sau 10 giây.",,,,,
4f0de41f-a47d-49d7-84e9-e8f86461d097,2026-08-15T07:44:32.245500+07:00,fainting_8b3cad,Fainting ,possible_fall,1,,,"Người này chuyển từ standing_still sang nằm, sau đó bị che khuất hoặc mất dấu và chưa quan sát thấy đứng dậy sau 10 giây.",,,,,
25de852f-ef47-436c-98ea-20190247d025,2026-08-15T08:14:53.039213+07:00,fainting_8b3cad,Fainting ,possible_fall,1,,,"Người này chuyển từ standing_still sang nằm, sau đó bị che khuất hoặc mất dấu và chưa quan sát thấy đứng dậy sau 10 giây.",,,,,
54a9b2c5-cd03-4fe1-a764-6feca688291b,2026-08-15T08:43:42.253918+07:00,fainting_8b3cad,Fainting ,possible_fall,1,,,"Người này chuyển từ standing_still sang nằm, sau đó bị che khuất hoặc mất dấu và chưa quan sát thấy đứng dậy sau 10 giây.",,,,,
79777635-0d7f-43f9-b2d4-8862394f69e5,2026-08-15T09:14:02.925877+07:00,fainting_8b3cad,Fainting ,possible_fall,1,,,"Người này chuyển từ standing_still sang nằm, sau đó bị che khuất hoặc mất dấu và chưa quan sát thấy đứng dậy sau 10 giây.",,,,,
b5033ed1-c6c5-48d0-a7d5-9d6ad13841d2,2026-08-15T09:42:52.502877+07:00,fainting_8b3cad,Fainting ,possible_fall,1,,,"Người này chuyển từ standing_still sang nằm, sau đó bị che khuất hoặc mất dấu và chưa quan sát thấy đứng dậy sau 10 giây.",,,,,
f2ee4c68-e6cc-4f3a-ac9d-0d7410619342,2026-08-15T10:13:13.177438+07:00,fainting_8b3cad,Fainting ,possible_fall,1,,,"Người này chuyển từ standing_still sang nằm, sau đó bị che khuất hoặc mất dấu và chưa quan sát thấy đứng dậy sau 10 giây.",,,,,
a0a3f81f-49ef-4799-a734-b47e19c7d57b,2026-07-16T18:51:57.593883+07:00,imou_camera,IMOU Camera,possible_unresponsive,3,,,Camera phát hiện một người ngã và nằm gần như bất động trong 45 giây. Đây có thể là tình trạng y tế khẩn cấp.,,,,,
bc22bea2-e568-47a0-9e6d-9fe04bf03812,2026-08-14T00:46:04.155615+07:00,fainting_8b3cad,Fainting ,possible_unresponsive,1,,,"Camera đã phát hiện chuyển tiếp sang tư thế nằm nhưng sau đó bị che khuất, mất tầm nhìn và chưa quan sát thấy người này hồi phục trong 45 giây. Cần kiểm tra trực tiếp ngay.",,,,,
70276464-0c5f-458f-ba49-167510b84505,2026-08-14T07:04:09.146170+07:00,fainting_8b3cad,Fainting ,possible_unresponsive,1,,,"Camera đã phát hiện chuyển tiếp sang tư thế nằm nhưng sau đó bị che khuất, mất tầm nhìn và chưa quan sát thấy người này hồi phục trong 45 giây. Cần kiểm tra trực tiếp ngay.",,,,,
47055680-08c9-45a1-adb3-d62202e6c4c7,2026-08-14T07:54:12.841865+07:00,fainting_8b3cad,Fainting ,possible_unresponsive,1,,,"Camera đã phát hiện chuyển tiếp sang tư thế nằm nhưng sau đó bị che khuất, mất tầm nhìn và chưa quan sát thấy người này hồi phục trong 45 giây. Cần kiểm tra trực tiếp ngay.",,,,,
d37c5b66-27f5-47c6-8fd2-926469f39dd4,2026-08-14T08:42:45.670666+07:00,fainting_8b3cad,Fainting ,possible_unresponsive,1,,,"Camera đã phát hiện chuyển tiếp sang tư thế nằm nhưng sau đó bị che khuất, mất tầm nhìn và chưa quan sát thấy người này hồi phục trong 45 giây. Cần kiểm tra trực tiếp ngay.",,,,,
d825f815-16ac-4a18-abdb-0a1f782a0342,2026-08-14T09:19:10.343903+07:00,fainting_8b3cad,Fainting ,possible_unresponsive,1,,,"Camera đã phát hiện chuyển tiếp sang tư thế nằm nhưng sau đó bị che khuất, mất tầm nhìn và chưa quan sát thấy người này hồi phục trong 45 giây. Cần kiểm tra trực tiếp ngay.",,,,,
864c7286-c0bb-4ded-90ed-5b5c3f54f06b,2026-08-14T10:24:24.148890+07:00,fainting_8b3cad,Fainting ,possible_unresponsive,1,,,"Camera đã phát hiện chuyển tiếp sang tư thế nằm nhưng sau đó bị che khuất, mất tầm nhìn và chưa quan sát thấy người này hồi phục trong 45 giây. Cần kiểm tra trực tiếp ngay.",,,,,
037e8cdc-9c47-4fea-8f3f-8b8233875d2a,2026-08-14T12:45:48.380059+07:00,fainting_8b3cad,Fainting ,possible_unresponsive,1,,,"Camera đã phát hiện chuyển tiếp sang tư thế nằm nhưng sau đó bị che khuất, mất tầm nhìn và chưa quan sát thấy người này hồi phục trong 45 giây. Cần kiểm tra trực tiếp ngay.",,,,,
46b9746a-8779-4ff8-a977-4675c4c268c9,2026-08-14T14:24:07.448221+07:00,fainting_8b3cad,Fainting ,possible_unresponsive,1,,,"Camera đã phát hiện chuyển tiếp sang tư thế nằm nhưng sau đó bị che khuất, mất tầm nhìn và chưa quan sát thấy người này hồi phục trong 45 giây. Cần kiểm tra trực tiếp ngay.",,,,,
a1e4cfc6-145f-4f1e-bbf0-988a96a7d681,2026-08-15T00:54:00.492955+07:00,fainting_8b3cad,Fainting ,possible_unresponsive,1,,,"Camera đã phát hiện chuyển tiếp sang tư thế nằm nhưng sau đó bị che khuất, mất tầm nhìn và chưa quan sát thấy người này hồi phục trong 45 giây. Cần kiểm tra trực tiếp ngay.",,,,,
a86755e3-47c1-4c6c-a59d-a0f0a343b90b,2026-08-15T01:21:18.743534+07:00,fainting_8b3cad,Fainting ,possible_unresponsive,1,,,"Camera đã phát hiện chuyển tiếp sang tư thế nằm nhưng sau đó bị che khuất, mất tầm nhìn và chưa quan sát thấy người này hồi phục trong 45 giây. Cần kiểm tra trực tiếp ngay.",,,,,
c4fd7116-5a83-4365-b12c-1f2729b029ba,2026-08-15T01:51:39.150645+07:00,fainting_8b3cad,Fainting ,possible_unresponsive,1,,,"Camera đã phát hiện chuyển tiếp sang tư thế nằm nhưng sau đó bị che khuất, mất tầm nhìn và chưa quan sát thấy người này hồi phục trong 45 giây. Cần kiểm tra trực tiếp ngay.",,,,,
35053440-7121-4f4a-8c82-84679de457d2,2026-08-15T02:20:28.687135+07:00,fainting_8b3cad,Fainting ,possible_unresponsive,1,,,"Camera đã phát hiện chuyển tiếp sang tư thế nằm nhưng sau đó bị che khuất, mất tầm nhìn và chưa quan sát thấy người này hồi phục trong 45 giây. Cần kiểm tra trực tiếp ngay.",,,,,
b923974c-c4ff-42c4-b809-762ded26ef25,2026-08-15T02:49:17.769344+07:00,fainting_8b3cad,Fainting ,possible_unresponsive,1,,,"Camera đã phát hiện chuyển tiếp sang tư thế nằm nhưng sau đó bị che khuất, mất tầm nhìn và chưa quan sát thấy người này hồi phục trong 45 giây. Cần kiểm tra trực tiếp ngay.",,,,,
5621f562-77ff-4075-929a-8f16366cfa4c,2026-08-15T03:22:40.229491+07:00,fainting_8b3cad,Fainting ,possible_unresponsive,1,,,"Camera đã phát hiện chuyển tiếp sang tư thế nằm nhưng sau đó bị che khuất, mất tầm nhìn và chưa quan sát thấy người này hồi phục trong 45 giây. Cần kiểm tra trực tiếp ngay.",,,,,
ba235126-a461-4191-a42b-f0043e04ba19,2026-08-15T03:46:56.573557+07:00,fainting_8b3cad,Fainting ,possible_unresponsive,1,,,"Camera đã phát hiện chuyển tiếp sang tư thế nằm nhưng sau đó bị che khuất, mất tầm nhìn và chưa quan sát thấy người này hồi phục trong 45 giây. Cần kiểm tra trực tiếp ngay.",,,,,
fef84d9c-fd19-4f27-8f29-6a9f263a1430,2026-08-15T04:15:45.824242+07:00,fainting_8b3cad,Fainting ,possible_unresponsive,1,,,"Camera đã phát hiện chuyển tiếp sang tư thế nằm nhưng sau đó bị che khuất, mất tầm nhìn và chưa quan sát thấy người này hồi phục trong 45 giây. Cần kiểm tra trực tiếp ngay.",,,,,
44586511-aafa-4a65-9f1b-63014da64417,2026-08-15T04:43:04.302309+07:00,fainting_8b3cad,Fainting ,possible_unresponsive,1,,,"Camera đã phát hiện chuyển tiếp sang tư thế nằm nhưng sau đó bị che khuất, mất tầm nhìn và chưa quan sát thấy người này hồi phục trong 45 giây. Cần kiểm tra trực tiếp ngay.",,,,,
0ab7171d-a4e4-4639-87c3-b886ab5c4bfa,2026-08-15T05:08:51.800050+07:00,fainting_8b3cad,Fainting ,possible_unresponsive,1,,,"Camera đã phát hiện chuyển tiếp sang tư thế nằm nhưng sau đó bị che khuất, mất tầm nhìn và chưa quan sát thấy người này hồi phục trong 45 giây. Cần kiểm tra trực tiếp ngay.",,,,,
f53fe52a-7571-4ef4-bb7e-ed6acbc714ea,2026-08-15T05:36:10.182956+07:00,fainting_8b3cad,Fainting ,possible_unresponsive,1,,,"Camera đã phát hiện chuyển tiếp sang tư thế nằm nhưng sau đó bị che khuất, mất tầm nhìn và chưa quan sát thấy người này hồi phục trong 45 giây. Cần kiểm tra trực tiếp ngay.",,,,,
d458e44e-57f0-431f-ab0d-867da5a57915,2026-08-15T06:04:59.482729+07:00,fainting_8b3cad,Fainting ,possible_unresponsive,1,,,"Camera đã phát hiện chuyển tiếp sang tư thế nằm nhưng sau đó bị che khuất, mất tầm nhìn và chưa quan sát thấy người này hồi phục trong 45 giây. Cần kiểm tra trực tiếp ngay.",,,,,
3176b44e-2a0f-4ebc-ac0e-5e923f24600d,2026-08-15T06:33:48.870177+07:00,fainting_8b3cad,Fainting ,possible_unresponsive,1,,,"Camera đã phát hiện chuyển tiếp sang tư thế nằm nhưng sau đó bị che khuất, mất tầm nhìn và chưa quan sát thấy người này hồi phục trong 45 giây. Cần kiểm tra trực tiếp ngay.",,,,,
6e3cc54d-882c-420d-be26-b63780f47f91,2026-08-15T07:04:09.469158+07:00,fainting_8b3cad,Fainting ,possible_unresponsive,1,,,"Camera đã phát hiện chuyển tiếp sang tư thế nằm nhưng sau đó bị che khuất, mất tầm nhìn và chưa quan sát thấy người này hồi phục trong 45 giây. Cần kiểm tra trực tiếp ngay.",,,,,
7e1a57f7-45e7-4fbe-8d47-a89890ac0917,2026-08-15T07:31:28.053515+07:00,fainting_8b3cad,Fainting ,possible_unresponsive,1,,,"Camera đã phát hiện chuyển tiếp sang tư thế nằm nhưng sau đó bị che khuất, mất tầm nhìn và chưa quan sát thấy người này hồi phục trong 45 giây. Cần kiểm tra trực tiếp ngay.",,,,,
56f3a770-2325-4ba2-b4ab-59065cd43ccf,2026-08-15T07:57:15.461591+07:00,fainting_8b3cad,Fainting ,possible_unresponsive,1,,,"Camera đã phát hiện chuyển tiếp sang tư thế nằm nhưng sau đó bị che khuất, mất tầm nhìn và chưa quan sát thấy người này hồi phục trong 45 giây. Cần kiểm tra trực tiếp ngay.",,,,,
46d216cc-5b08-4f57-bc94-ab6b25ea6341,2026-08-15T08:30:38.259203+07:00,fainting_8b3cad,Fainting ,possible_unresponsive,1,,,"Camera đã phát hiện chuyển tiếp sang tư thế nằm nhưng sau đó bị che khuất, mất tầm nhìn và chưa quan sát thấy người này hồi phục trong 45 giây. Cần kiểm tra trực tiếp ngay.",,,,,
6c9f644d-cdb0-4b4d-955a-5338c115a9a9,2026-08-15T08:56:25.672348+07:00,fainting_8b3cad,Fainting ,possible_unresponsive,1,,,"Camera đã phát hiện chuyển tiếp sang tư thế nằm nhưng sau đó bị che khuất, mất tầm nhìn và chưa quan sát thấy người này hồi phục trong 45 giây. Cần kiểm tra trực tiếp ngay.",,,,,
55843af1-6296-4e54-89c3-6f74c2f89bea,2026-08-15T09:25:15.191748+07:00,fainting_8b3cad,Fainting ,possible_unresponsive,1,,,"Camera đã phát hiện chuyển tiếp sang tư thế nằm nhưng sau đó bị che khuất, mất tầm nhìn và chưa quan sát thấy người này hồi phục trong 45 giây. Cần kiểm tra trực tiếp ngay.",,,,,
29807e59-f576-460b-a43f-15538ecc7e88,2026-08-15T09:46:29.463413+07:00,fainting_8b3cad,Fainting ,possible_unresponsive,1,,,"Camera đã phát hiện chuyển tiếp sang tư thế nằm nhưng sau đó bị che khuất, mất tầm nhìn và chưa quan sát thấy người này hồi phục trong 45 giây. Cần kiểm tra trực tiếp ngay.",,,,,
56429ebd-55bb-45a1-9401-84f9858133ee,2026-08-15T10:12:17.011457+07:00,fainting_8b3cad,Fainting ,possible_unresponsive,1,,,"Camera đã phát hiện chuyển tiếp sang tư thế nằm nhưng sau đó bị che khuất, mất tầm nhìn và chưa quan sát thấy người này hồi phục trong 45 giây. Cần kiểm tra trực tiếp ngay.",,,,,
9615aef7-7359-421b-8512-a6ae03f87ad8,2026-06-12T00:29:15.777497+07:00,imou_camera,IMOU Camera,stranger_detected,1,,,Unknown person detected: Stranger (Track #1),,,,,
21a0042e-986f-4a94-a2e3-10270aa581e2,2026-06-22T08:53:08.681684+07:00,suspect_f99ee2,Suspect,stranger_detected,36,,,Unknown person detected: Stranger (Track #36),,,,,
8739c887-eeba-4d3f-b118-29843aa6f219,2026-06-29T11:58:58.370852+07:00,imou_camera,IMOU Camera,stranger_detected,374,,,Unknown person detected: Stranger (Track #374),,,,,
44633701-f2de-4dca-8202-797c4b7b480f,2026-07-03T13:14:02.973040+07:00,suspect_f99ee2,Suspect,stranger_detected,29,__global_stranger_watch__,,Unknown person detected: Stranger (Track #29),,,,,
fd9def94-be4b-4241-b2e1-e6b34fbebf62,2026-07-03T22:28:35.362535+07:00,imou_camera,IMOU Camera,stranger_detected,61,__global_stranger_watch__,,Unknown person detected: Stranger (Track #61),,,,,
0e5a76e7-e9d2-4f6b-a840-52257895d77e,2026-07-04T00:01:12.147795+07:00,bike_stole_dcd818,Bike stole,stranger_detected,3,__global_stranger_watch__,,Unknown person detected: Stranger (Track #3),,,,,
8481a00f-fbd7-40f6-87ea-9dae9718eb34,2026-07-04T19:07:41.337491+07:00,suspect_f99ee2,Suspect,stranger_detected,3,__global_stranger_watch__,,Unknown person detected: Stranger (Track #3),,,,,
52c2a35e-08ef-4788-8896-1a07ffde0564,2026-07-04T19:21:55.770125+07:00,suspect_f99ee2,Suspect,stranger_detected,1,__global_stranger_watch__,,Unknown person detected: Stranger (Track #1),,,,,
d9dfb2b6-127c-4c33-a688-2952adb08054,2026-07-04T19:37:34.703097+07:00,suspect_f99ee2,Suspect,stranger_detected,2,__global_stranger_watch__,,Unknown person detected: Stranger (Track #2),,,,,
c7a0a45d-b07d-4987-b21d-1198858252dd,2026-07-04T20:02:51.833073+07:00,suspect_f99ee2,Suspect,stranger_detected,5,__global_stranger_watch__,,Unknown person detected: Stranger (Track #5),,,,,
b042e3ea-c387-459f-b017-25158e63959b,2026-07-04T20:19:47.060649+07:00,suspect_f99ee2,Suspect,stranger_detected,3,__global_stranger_watch__,,Unknown person detected: Stranger (Track #3),,,,,
200ddb50-1bd1-45bb-862c-3803b22e7e23,2026-07-06T00:27:00.550244+07:00,suspect_f99ee2,Suspect,stranger_detected,4,__global_stranger_watch__,,Unknown person detected: Stranger (Track #4),,,,,
92ace777-c9e7-4b1f-abc0-c7c94506ff7f,2026-07-06T16:00:22.430373+07:00,bike_stole_dcd818,Bike stole,stranger_detected,3,__global_stranger_watch__,,Unknown person detected: Stranger (Track #3),,,,,
79320592-3749-4c19-82cf-11814436f357,2026-07-06T16:23:36.057686+07:00,bike_stole_dcd818,Bike stole,stranger_detected,2,__global_stranger_watch__,,Unknown person detected: Stranger (Track #2),,,,,
9fc8663e-e668-4e39-9dd9-9aa2b239d1c4,2026-07-06T16:52:10.149935+07:00,suspect_f99ee2,Suspect,stranger_detected,2,__global_stranger_watch__,,Unknown person detected: Stranger (Track #2),,,,,
ccb68e87-f942-45ab-a7ad-90840b39bdcf,2026-07-06T17:11:31.326004+07:00,suspect_f99ee2,Suspect,stranger_detected,1,__global_stranger_watch__,,Unknown person detected: Stranger (Track #1),,,,,
86c2c827-39c7-452b-8850-f884b202baa5,2026-07-06T20:18:44.570837+07:00,intrusion_c2741a,Intrusion,stranger_detected,7,__global_stranger_watch__,,Unknown person detected: Stranger (Track #7),,,,,
f7b6ad95-53ee-4ce5-ac66-1c108d13914b,2026-07-06T21:32:10.435098+07:00,suspect_f99ee2,Suspect,stranger_detected,6,__global_stranger_watch__,,Unknown person detected: Stranger (Track #6),,,,,
5ecdb928-6a16-4781-9b69-82e180c396dc,2026-07-06T21:54:25.447924+07:00,intrusion_testing_395d88,Intrusion Testing,stranger_detected,5,__global_stranger_watch__,,Unknown person detected: Stranger (Track #5),,,,,
4feabd6f-b37a-41ce-96fb-efd6ef462da5,2026-07-06T23:49:56.516349+07:00,intrusion_testing_395d88,Intrusion Testing,stranger_detected,2,__global_stranger_watch__,,Unknown person detected: Stranger (Track #2),,,,,
d68bc9ae-20df-4b2d-bb01-1759a39a5a8c,2026-07-07T12:29:39.060063+07:00,bike_stole_dcd818,Bike stole,stranger_detected,3,__global_stranger_watch__,,Unknown person detected: Stranger (Track #3),,,,,
d1c63091-3470-40fe-8a30-3f1481710331,2026-07-07T14:41:45.073072+07:00,bike_stole_dcd818,Bike stole,stranger_detected,3,__global_stranger_watch__,,Unknown person detected: Stranger (Track #3),,,,,
d2be2cc8-d9da-4eed-a8a5-8b3c84a8d2bc,2026-07-10T19:40:56.921775+07:00,bike_stole_dcd818,Bike stole,stranger_detected,6,__global_stranger_watch__,,Unknown person detected: Stranger (Track #6),,,,,
d11e0ae9-2303-46f5-a356-2d2e6102fe88,2026-07-11T13:30:15.997607+07:00,motorcycle_808541,Motorcycle,stranger_detected,2,__global_stranger_watch__,,Unknown person detected: Stranger (Track #2),,,,,
03946256-e4c7-4359-b15f-da91bf3136fa,2026-07-12T12:38:40.802881+07:00,motorcycle_808541,Motorcycle,stranger_detected,4,__global_stranger_watch__,,Unknown person detected: Stranger (Track #4),,,,,
a9964e83-374d-436f-9af3-f56c3ec56bfb,2026-08-14T00:54:16.262320+07:00,intrusion_testing_395d88,Intrusion Testing,stranger_detected,1,__global_stranger_watch__,,Unknown person detected: Stranger (Track #1),,,,,
d2063fd6-c5fe-49f5-8d0c-7417fb11b31c,2026-08-14T10:04:37.393134+07:00,intrusion_testing_395d88,Intrusion Testing,stranger_detected,2,__global_stranger_watch__,,Unknown person detected: Stranger (Track #2),,,,,
cec9ecb0-b599-4a2d-8dac-7c7671f91d6b,2026-08-15T02:50:03.617974+07:00,motorcycle_73741f,Camera 1,stranger_detected,2,__global_stranger_watch__,,Unknown person detected: Stranger (Track #2),,,,,
89233efd-3699-498c-9953-73c7957cea4c,2026-08-15T06:32:12.457789+07:00,motorcycle_016324,Motorcycle,stranger_detected,2,__global_stranger_watch__,,Unknown person detected: Stranger (Track #2),,,,,
c09bcf2c-b097-47bc-a52e-2058a7743aec,2026-08-15T10:14:27.791932+07:00,fainting_8b3cad,Fainting ,stranger_detected,1,__global_stranger_watch__,,Unknown person detected: Stranger (Track #1),,,,,
b5c3f728-557e-4f76-b60f-4e624f724ba4,2026-06-29T09:54:15.054569+07:00,imou_camera,IMOU Camera,suspicious_stranger,4,__global_stranger_watch__,,"Stranger stayed for 186s (threshold: 180s), reason: pacing_near_area",,,,,
26792292-a282-4f63-83c5-aac9a853f56b,2026-06-29T10:02:43.648427+07:00,imou_camera,IMOU Camera,suspicious_stranger,2,__global_stranger_watch__,,"Stranger stayed for 180s (threshold: 180s), reason: standing_still",,,,,
031b2fc9-c5b5-488e-aa7a-e6b07f00dd91,2026-06-29T10:15:56.403478+07:00,imou_camera,IMOU Camera,suspicious_stranger,2,__global_stranger_watch__,,"Stranger stayed for 180s (threshold: 180s), reason: standing_still",,,,,
41a1fd2f-7249-4c4d-ad1d-989b1eed973b,2026-06-29T10:18:05.989886+07:00,imou_camera,IMOU Camera,suspicious_stranger,1,__global_stranger_watch__,,"Stranger stayed for 180s (threshold: 180s), reason: standing_still",,,,,
83742aaf-b5e2-4bc6-b75c-28d47155879a,2026-06-29T10:40:08.521801+07:00,imou_camera,IMOU Camera,suspicious_stranger,378,__global_stranger_watch__,,"Stranger stayed for 180s (threshold: 180s), reason: standing_still",,,,,
7e28a3ec-7a85-4fe5-af0f-4ad39da50d30,2026-06-29T10:45:14.271171+07:00,imou_camera,IMOU Camera,suspicious_stranger,991,__global_stranger_watch__,,"Stranger stayed for 180s (threshold: 180s), reason: standing_still",,,,,
b4f78427-c358-4431-8431-c4701a4a9223,2026-06-29T10:49:42.154406+07:00,imou_camera,IMOU Camera,suspicious_stranger,991,__global_stranger_watch__,,"Stranger stayed for 180s (threshold: 180s), reason: standing_still",,,,,
f31e3a46-165d-4819-9081-fd1ecb3a6799,2026-06-29T11:00:19.887689+07:00,imou_camera,IMOU Camera,suspicious_stranger,2010,__global_stranger_watch__,,"Stranger stayed for 180s (threshold: 180s), reason: standing_still",,,,,
bc53bfd0-3daf-4a42-ba09-44fabbff559c,2026-06-29T11:16:37.771914+07:00,imou_camera,IMOU Camera,suspicious_stranger,5316,__global_stranger_watch__,,"Stranger stayed for 180s (threshold: 180s), reason: standing_still",,,,,
6f401426-1cf4-4119-8a2b-3ac84cdca6e1,2026-06-29T11:37:40.725041+07:00,imou_camera,IMOU Camera,suspicious_stranger,77,__global_stranger_watch__,,"Stranger stayed for 180s (threshold: 180s), reason: standing_still",,,,,
97c009ab-7bb1-47e2-9cc3-37fe80b49940,2026-06-29T11:49:49.543355+07:00,imou_camera,IMOU Camera,suspicious_stranger,1,__global_stranger_watch__,,"Stranger stayed for 180s (threshold: 180s), reason: standing_still",,,,,
187891b3-b146-43fe-be7e-265d6906f2e2,2026-06-29T12:14:58.130598+07:00,imou_camera,IMOU Camera,suspicious_stranger,589,__global_stranger_watch__,,"Stranger stayed for 180s (threshold: 180s), reason: standing_still",,,,,
43f31bcc-a90c-4643-9fee-b1de6910c147,2026-06-29T19:54:49.688657+07:00,imou_camera,IMOU Camera,suspicious_stranger,1,__global_stranger_watch__,,"Stranger stayed for 180s (threshold: 180s), reason: standing_still",,,,,
e1b8d7ef-d0dd-4cd5-ace4-6ef6fbf3ddc3,2026-07-04T19:32:31.370862+07:00,imou_camera,IMOU Camera,suspicious_stranger,7,__global_stranger_watch__,,"Stranger stayed for 180s (threshold: 180s), reason: standing_still",,,,,
cafa77f5-3228-4fb6-b642-df56daa5bfa7,2026-07-06T20:15:47.185585+07:00,intrusion_c2741a,Intrusion,suspicious_stranger,2,__global_stranger_watch__,,"Stranger stayed for 180s (threshold: 180s), reason: standing_still",,,,,
78238f06-9b3e-4563-a590-b480e16530f9,2026-07-06T20:17:01.956383+07:00,imou_camera,IMOU Camera,suspicious_stranger,1,__global_stranger_watch__,,"Stranger stayed for 180s (threshold: 180s), reason: standing_still",,,,,
74d021d0-64d5-4498-88e8-a9682372cf81,2026-07-06T21:31:36.327402+07:00,intrusion_c2741a,Intrusion,suspicious_stranger,2,__global_stranger_watch__,,"Stranger stayed for 180s (threshold: 180s), reason: standing_still",,,,,
2bdfb8e0-28c3-4c8f-97d6-e3ab2a0c04ee,2026-07-06T21:54:07.010611+07:00,intrusion_testing_395d88,Intrusion Testing,suspicious_stranger,2,__global_stranger_watch__,,"Stranger stayed for 185s (threshold: 180s), reason: standing_still",,,,,
ceeecab6-31b5-4e6f-855b-3265ea6d2e80,2026-07-06T22:05:57.544675+07:00,intrusion_testing_395d88,Intrusion Testing,suspicious_stranger,2,__global_stranger_watch__,,"Stranger stayed for 180s (threshold: 180s), reason: standing_still",,,,,
7da3a246-f1df-411e-a482-498703fd4c36,2026-07-07T13:25:49.975693+07:00,imou_camera,IMOU Camera,suspicious_stranger,1,__global_stranger_watch__,,"Stranger stayed for 181s (threshold: 180s), reason: pacing_near_area",,,,,
8b3c9580-b04e-4987-8885-bec6a69b2f9e,2026-07-07T14:39:59.805117+07:00,intrusion_testing_395d88,Intrusion Testing,suspicious_stranger,2,__global_stranger_watch__,,"Stranger stayed for 191s (threshold: 180s), reason: pacing_near_area",,,,,
51427fe5-337d-43a9-bb09-1b4fcbc68b68,2026-07-07T14:45:21.172723+07:00,intrusion_testing_395d88,Intrusion Testing,suspicious_stranger,2,__global_stranger_watch__,,"Stranger stayed for 180s (threshold: 180s), reason: standing_still",,,,,
3a0657e1-d673-423e-86cd-ba8a59be6006,2026-07-07T15:19:11.061191+07:00,intrusion_testing_395d88,Intrusion Testing,suspicious_stranger,2,__global_stranger_watch__,,"Stranger stayed for 191s (threshold: 180s), reason: pacing_near_area",,,,,
b7f68b03-5e4c-4569-929d-c35431f15618,2026-07-11T10:37:13.347841+07:00,intrusion_testing_395d88,Intrusion Testing,suspicious_stranger,2,__global_stranger_watch__,,"Stranger stayed for 180s (threshold: 180s), reason: pacing_near_area",,,,,
bd41f660-7243-4b57-b111-82a393c9eae3,2026-07-11T16:48:50.680451+07:00,imou_camera,IMOU Camera,suspicious_stranger,5,__global_stranger_watch__,,"Stranger stayed for 182s (threshold: 180s), reason: standing_still",,,,,
b0758154-490f-41eb-a33c-29e30bb5b7f0,2026-07-14T00:27:58.406796+07:00,imou_camera,IMOU Camera,suspicious_stranger,1,__global_stranger_watch__,,"Stranger stayed for 180s (threshold: 180s), reason: standing_still",,,,,
25b8ef1d-d46a-4938-a6cb-a4ccc8e4267b,2026-07-17T11:59:35.147260+07:00,imou_camera,IMOU Camera,suspicious_stranger,2,__global_stranger_watch__,,"Stranger stayed for 180s (threshold: 180s), reason: standing_still",,,,,
ee00a54f-0cf9-48a0-944b-70c74bbb9ea0,2026-07-24T14:17:10.765652+07:00,imou_camera,IMOU Camera,suspicious_stranger,6,__global_stranger_watch__,,"Stranger stayed for 180s (threshold: 180s), reason: standing_still",,,,,
a43b85c6-644b-4ec0-8c25-66dd6521b246,2026-07-24T14:39:59.090199+07:00,imou_camera,IMOU Camera,suspicious_stranger,15,__global_stranger_watch__,,"Stranger stayed for 180s (threshold: 180s), reason: standing_still",,,,,
4d9cbe82-772b-471a-862d-dc62ab1f7302,2026-07-24T14:55:47.757053+07:00,imou_camera,IMOU Camera,suspicious_stranger,1,__global_stranger_watch__,,"Stranger stayed for 180s (threshold: 180s), reason: standing_still",,,,,
78f972f2-4a86-4532-8de2-7163566ad977,2026-06-13T13:59:52.612088+07:00,bike_stole_dcd818,Bike stole,suspicious_theft_behavior,2,bike-watch-full-frame,,"Unknown person stayed near bicycle for 13.2s; passes=0; behaviors=near_vehicle_duration, vehicle_started_moving",,,,,
18a3f52d-74d1-46df-9e6c-f36adc4ac72a,2026-07-11T16:28:40.634164+07:00,motorcycle_73741f,Camera 1,suspicious_theft_behavior,17,zone_050b5111,,"Unknown person stayed near car for 10.1s; passes=0; behaviors=near_vehicle_duration, pose_push_contact",,,,,
f496586e-caf6-416d-ace8-c3016a0ea596,2026-07-27T10:28:50.201784+07:00,motorcycle_016324,Motorcycle,suspicious_theft_behavior,2,zone_1a89cc4f,,"Unknown person stayed near motorcycle for 10.0s; passes=1; behaviors=near_vehicle_duration, pose_push_contact",,,,,
fb8753fe-776f-476d-8ba8-48328b387e9b,2026-08-13T23:36:05.154151+07:00,motorcycle_73741f,Camera 1,suspicious_theft_behavior,2,zone_050b5111,,"Unknown person stayed near car for 10.2s; passes=0; behaviors=moving_same_direction, near_vehicle_duration, pose_push_contact",,,,,
1d9be291-bd1e-4aed-99dd-fd0e6b6ac403,2026-08-14T00:33:34.194903+07:00,motorcycle_73741f,Camera 1,suspicious_theft_behavior,2,zone_050b5111,,"Unknown person stayed near motorcycle for 10.3s; passes=0; behaviors=moving_same_direction, near_vehicle_duration, pose_push_contact",,,,,
1c46580d-31f7-4464-b59f-1e35c9215a73,2026-08-14T01:12:20.422174+07:00,motorcycle_73741f,Camera 1,suspicious_theft_behavior,2,zone_050b5111,,"Unknown person stayed near motorcycle for 10.3s; passes=0; behaviors=moving_same_direction, near_vehicle_duration, pose_push_contact",,,,,
80236385-f5fa-4c15-97f2-843d09a8550d,2026-08-14T07:14:47.868595+07:00,motorcycle_016324,Motorcycle,suspicious_theft_behavior,2,zone_1a89cc4f,,"Unknown person stayed near motorcycle for 10.1s; passes=1; behaviors=near_vehicle_duration, pose_push_contact",,,,,
dbd6d751-aa02-47f9-94c8-0c1b8effc093,2026-08-14T07:49:53.642824+07:00,motorcycle_73741f,Camera 1,suspicious_theft_behavior,11,zone_050b5111,,"Unknown person stayed near motorcycle for 10.2s; passes=0; behaviors=moving_same_direction, near_vehicle_duration, pose_push_contact",,,,,
edd3b0ce-ee00-407f-9114-9f1e8d05f65c,2026-08-14T08:27:29.697257+07:00,motorcycle_73741f,Camera 1,suspicious_theft_behavior,2,zone_050b5111,,"Unknown person stayed near truck for 10.1s; passes=0; behaviors=moving_same_direction, near_vehicle_duration, pose_push_contact",,,,,
1cf7d32a-e1ec-4edd-b70e-0e4d47ef0753,2026-08-14T09:04:42.741212+07:00,motorcycle_73741f,Camera 1,suspicious_theft_behavior,11,zone_050b5111,,"Unknown person stayed near truck for 10.1s; passes=0; behaviors=near_vehicle_duration, pose_push_contact",,,,,
e1577e38-0c78-408d-b6aa-e8362cc7bd57,2026-08-14T09:40:27.449592+07:00,motorcycle_73741f,Camera 1,suspicious_theft_behavior,11,zone_050b5111,,"Unknown person stayed near car for 10.0s; passes=0; behaviors=moving_same_direction, near_vehicle_duration, pose_push_contact",,,,,
3e3cceba-04cd-41d6-bfab-ed9946f8696d,2026-08-14T10:16:20.777446+07:00,motorcycle_73741f,Camera 1,suspicious_theft_behavior,2,zone_050b5111,,"Unknown person stayed near car for 10.0s; passes=0; behaviors=near_vehicle_duration, pose_push_contact",,,,,
c5724939-5e8b-4940-b719-5be10662663c,2026-08-14T13:03:56.555144+07:00,motorcycle_016324,Motorcycle,suspicious_theft_behavior,2,zone_1a89cc4f,,"Unknown person stayed near motorcycle for 10.0s; passes=1; behaviors=near_vehicle_duration, pose_push_contact",,,,,
f2274fa4-3c18-4dae-9f04-82d95d3ccc39,2026-08-15T00:54:13.332833+07:00,motorcycle_73741f,Camera 1,suspicious_theft_behavior,2,zone_050b5111,,"Unknown person stayed near truck for 10.1s; passes=0; behaviors=moving_same_direction, near_vehicle_duration, pose_push_contact",,,,,
f1f7bfd2-e99c-45c8-8a6e-33c2afa9e268,2026-08-15T01:28:24.232128+07:00,motorcycle_73741f,Camera 1,suspicious_theft_behavior,2,zone_050b5111,,"Unknown person stayed near motorcycle for 10.4s; passes=0; behaviors=moving_same_direction, near_vehicle_duration, pose_push_contact",,,,,
bec633b9-2859-42e9-952e-f700f501ed70,2026-08-15T02:02:59.620980+07:00,motorcycle_016324,Motorcycle,suspicious_theft_behavior,2,zone_1a89cc4f,,"Unknown person stayed near motorcycle for 10.0s; passes=1; behaviors=near_vehicle_duration, pose_push_contact",,,,,
aa8b8277-bac8-4e96-90e4-1e0326981fba,2026-08-15T02:38:54.855019+07:00,motorcycle_73741f,Camera 1,suspicious_theft_behavior,2,zone_050b5111,,"Unknown person stayed near truck for 10.1s; passes=0; behaviors=near_vehicle_duration, pose_push_contact",,,,,
2774be99-b381-4c21-9b6b-3ae2463755b4,2026-08-15T03:12:26.330445+07:00,motorcycle_016324,Motorcycle,suspicious_theft_behavior,2,zone_1a89cc4f,,"Unknown person stayed near motorcycle for 10.0s; passes=1; behaviors=near_vehicle_duration, pose_push_contact",,,,,
3c083974-d702-4d33-a32a-d0fcadef85d2,2026-08-15T03:46:13.429473+07:00,motorcycle_73741f,Camera 1,suspicious_theft_behavior,11,zone_050b5111,,"Unknown person stayed near motorcycle for 10.3s; passes=0; behaviors=moving_same_direction, near_vehicle_duration, pose_push_contact",,,,,
c6589a39-97c3-4877-b2a7-1919dffc78b2,2026-08-15T04:20:50.437365+07:00,motorcycle_016324,Motorcycle,suspicious_theft_behavior,2,zone_1a89cc4f,,"Unknown person stayed near motorcycle for 10.1s; passes=1; behaviors=near_vehicle_duration, pose_push_contact",,,,,
69e0f5e4-062c-4ba1-83cf-be91cbba5afd,2026-08-15T04:56:34.889535+07:00,motorcycle_73741f,Camera 1,suspicious_theft_behavior,2,zone_050b5111,,"Unknown person stayed near car for 10.1s; passes=0; behaviors=near_vehicle_duration, pose_push_contact",,,,,
c741494f-5dc6-4388-acbc-2c5d80361d8e,2026-08-15T05:30:17.468994+07:00,motorcycle_016324,Motorcycle,suspicious_theft_behavior,2,zone_1a89cc4f,,"Unknown person stayed near motorcycle for 10.0s; passes=1; behaviors=near_vehicle_duration, pose_push_contact",,,,,
65f9e6a1-29c4-437c-8bc9-a6e81736d23a,2026-08-15T06:05:30.187736+07:00,motorcycle_73741f,Camera 1,suspicious_theft_behavior,11,zone_050b5111,,"Unknown person stayed near car for 10.1s; passes=0; behaviors=near_vehicle_duration, pose_push_contact",,,,,
8b368a34-8798-44d8-b3be-1e1f88a06cb1,2026-08-15T06:39:57.233117+07:00,motorcycle_73741f,Camera 1,suspicious_theft_behavior,11,zone_050b5111,,"Unknown person stayed near car for 10.0s; passes=0; behaviors=near_vehicle_duration, pose_push_contact",,,,,
551a3eb7-34f5-4a13-85f5-e049e204b176,2026-08-15T07:12:58.093950+07:00,motorcycle_73741f,Camera 1,suspicious_theft_behavior,2,zone_050b5111,,"Unknown person stayed near car for 10.0s; passes=0; behaviors=near_vehicle_duration, pose_push_contact",,,,,
ae04f9bf-bd86-4c64-b0d5-290847f1074e,2026-08-15T07:49:11.387862+07:00,motorcycle_016324,Motorcycle,suspicious_theft_behavior,2,zone_1a89cc4f,,"Unknown person stayed near motorcycle for 10.0s; passes=1; behaviors=near_vehicle_duration, pose_push_contact",,,,,
88ce0859-81b3-4d23-a12b-f61044bacf88,2026-08-15T08:26:11.113288+07:00,motorcycle_73741f,Camera 1,suspicious_theft_behavior,2,zone_050b5111,,"Unknown person stayed near motorcycle for 11.1s; passes=0; behaviors=moving_same_direction, near_vehicle_duration",,,,,
6af45f9e-74db-43f2-8ac0-037a9162ea3c,2026-08-15T09:04:55.889245+07:00,motorcycle_73741f,Camera 1,suspicious_theft_behavior,2,zone_050b5111,,"Unknown person stayed near motorcycle for 10.1s; passes=0; behaviors=moving_same_direction, near_vehicle_duration, pose_push_contact",,,,,
c76a6e51-0748-4b76-8926-e97c5af8b675,2026-08-15T09:39:23.594905+07:00,motorcycle_73741f,Camera 1,suspicious_theft_behavior,2,zone_050b5111,,"Unknown person stayed near motorcycle for 10.5s; passes=0; behaviors=moving_same_direction, near_vehicle_duration, pose_push_contact",,,,,
56680cb4-bf81-41f7-ad0e-79fd6e9312b6,2026-08-15T10:14:24.339253+07:00,motorcycle_016324,Motorcycle,suspicious_theft_behavior,2,zone_1a89cc4f,,"Unknown person stayed near motorcycle for 10.0s; passes=1; behaviors=near_vehicle_duration, pose_push_contact",,,,,
