source_id,video_file,config_camera_id,source_linkage,duration_seconds,resolution,fps,system_event_records,system_event_types,participants,ground_truth_events,lighting,viewpoint,camera_model,original_source_provenance,train_test_use,status,evidence
V01,E:\Recording 2026-08-13 230208.mp4,fainting_8b3cad,current active camera config,91.000,1920x1080,30.000,1971,fall_recovery=97; possible_fall=552; possible_unresponsive=424; stranger_detected=898,NEEDS MANUAL INPUT,NEEDS MANUAL INPUT,indoor low/artificial light,fixed high-corner oblique,EZVIZ watermark only; exact model NEEDS MANUAL INPUT,NEEDS MANUAL INPUT,not assigned,PARTIAL,config/cameras/fainting_8b3cad.yaml; raw/dataset_audit.json; contact sheet
V02,E:\65ac3594-5c95-4908-909b-3ae28db47e60.mp4,intrusion_testing_395d88,current active camera config,43.848,1648x720,17.948,6968,asset_missing=36; intrusion=2484; line_crossing=506; stranger_detected=3906; suspicious_stranger=11; suspicious_theft_behavior=25,NEEDS MANUAL INPUT,NEEDS MANUAL INPUT,indoor bright/daylight entrance,fixed high-corner oblique wide,EZVIZ watermark only; exact model NEEDS MANUAL INPUT,NEEDS MANUAL INPUT,not assigned,PARTIAL,config/cameras/intrusion_testing_395d88.yaml; raw/dataset_audit.json; contact sheet
V03,E:\7856352689065780164.mp4,motorcycle_016324,current active camera config,63.113,1280x720,24.908,2286,asset_missing=183; stranger_detected=1151; suspicious_theft_behavior=952,NEEDS MANUAL INPUT,NEEDS MANUAL INPUT,indoor artificial/low light,fixed high-corner oblique; raw video rotated 90 degrees,Imou watermark only; exact model NEEDS MANUAL INPUT,NEEDS MANUAL INPUT,not assigned,PARTIAL,config/cameras/motorcycle_016324.yaml; raw/dataset_audit.json; contact sheet
V04,E:\Recording 2026-07-11 113042.mp4,motorcycle_73741f,current active camera config,86.100,1918x1078,30.000,5304,asset_missing=2399; asset_removed=1; stranger_detected=1067; suspicious_theft_behavior=1837,NEEDS MANUAL INPUT,NEEDS MANUAL INPUT,outdoor daylight,fixed high oblique forecourt,visible DANTIS overlay only; exact model NEEDS MANUAL INPUT,NEEDS MANUAL INPUT,not assigned,PARTIAL,config/cameras/motorcycle_73741f.yaml; raw/dataset_audit.json; contact sheet
V05,E:\Screen Recording 2026-05-31 190819.mp4,bike_stole_dcd818,historical backup camera config,29.333,1050x584,30.000,4155,asset_missing=106; intrusion=571; loitering=171; stranger_detected=3266; suspicious_theft_behavior=41,NEEDS MANUAL INPUT,NEEDS MANUAL INPUT,monochrome/IR low-light night,fixed high oblique,NEEDS MANUAL INPUT,visible stock-footage watermark; original URL/license NEEDS MANUAL INPUT,not assigned,PARTIAL,data/backups/phase0_20260621_155522/config/cameras/bike_stole_dcd818.yaml; raw/dataset_audit.json; contact sheet
V06,E:\SUS.mp4,suspect_f99ee2,historical backup camera config,47.733,1048x582,30.000,12000,asset_missing=29; intrusion=270; loitering=3; stranger_detected=11698,NEEDS MANUAL INPUT,NEEDS MANUAL INPUT,mixed IR/low-light night,multi-scene composite with mixed fixed CCTV viewpoints,NEEDS MANUAL INPUT,visible stock-footage watermark; original URL/license NEEDS MANUAL INPUT,not assigned,PARTIAL,data/backups/phase0_20260621_155522/config/cameras/suspect_f99ee2.yaml; raw/dataset_audit.json; contact sheet
VERIFIED_VIDEO_TOTAL,6 config-referenced local clips,,current plus historical config evidence,361.127,mixed,mixed,32684,predictions only; not ground truth,NEEDS MANUAL INPUT,0 labeled ground-truth events,mixed,mixed,NEEDS MANUAL INPUT,NEEDS MANUAL INPUT,no train/validation/test protocol,BLOCKED,raw/dataset_audit.json
UNMAPPED_EVENT_SOURCES,source video cannot be proven for 5 camera IDs,imou_camera; intrusion_c2741a; motorcycle_808541; stealing_e23424; bike_stole_185a6e,event log only,NEEDS MANUAL INPUT,NEEDS MANUAL INPUT,NEEDS MANUAL INPUT,3990,multiple predicted alert types,NEEDS MANUAL INPUT,NEEDS MANUAL INPUT,NEEDS MANUAL INPUT,NEEDS MANUAL INPUT,NEEDS MANUAL INPUT,NEEDS MANUAL INPUT,no train/validation/test protocol,BLOCKED,raw/dataset_audit.json
EVENT_LOG_TOTAL,data/behavior_events.jsonl,11 camera IDs,runtime candidate log,NEEDS MANUAL INPUT,not applicable,not applicable,36674,11 predicted alert types,NEEDS MANUAL INPUT,0 labeled ground-truth events,NEEDS MANUAL INPUT,NEEDS MANUAL INPUT,NEEDS MANUAL INPUT,NEEDS MANUAL INPUT,no train/validation/test protocol,BLOCKED,raw/dataset_audit.json
